{"main_obj": "pCylinder1", "relative_matrices": {"ray_ac_lf_handIK": [-2.484373232665856, -0.0309364850319776, 2.7458917223352466, -9.986660010815505e-18, 0.7482822085981091, -0.27179238027541275, 0.12533237402324415, 1.7869683812444427e-18, 2.6744013930237633, 0.04730764334644719, 2.5157165736884948, 1.1771445334611283e-17, 1.9711825647128265, -1.0156580653177423, -2.5109122284519927, 1.0], "ray_ac_rt_handIK": [-1.2940705337252645, 0.015341737299882974, -3.488185224930242, -5.902331171816879e-18, -3.451675491049096, 0.03751996630041206, 1.3102564325195476, -1.391363931947706e-17, 0.5438540173001453, 0.27463259170451776, 0.01585406944659362, 3.6147872770927474e-18, -2.254544100375462, 0.2062249736367021, -2.3297106854721186, 1.0]}}