{"temp_pivot_obj": "tkm_temp_pivot", "follow_temp_pivot_objs": {"pSphere1": [1.0, 0.0, 0.0, 0.0, 0.0, 1.0, 0.0, 0.0, 0.0, 0.0, 1.0, 0.0, 8.881784197001252e-16, 0.0, 0.0, 1.0]}, "tkm_temp_pivot_position": [-6.530975826124475, 5.65592300735762, 0.0], "tkm_temp_pivot_rotation": [0.0, 0.0, 0.0]}