{"ray_ac_cn_upperbody": {"1": [-0.00565510294407677, 10.159375408815313, 0.3553831914354476, 6.97371087486266, -3.10607337127049e-18, 0.364750930305144], "3": [0.11233877649744498, 10.202738672219422, 1.3101427567088653, 6.97371087486266, 6.212309585391113e-18, -0.5523998812403296], "5": [0.2036247916674498, 10.494359611825129, 2.266343542676089, 6.97371087486266, 0.0, -1.0942527909154316], "9": [0.1760837305554664, 10.463633711240501, 4.181685204825899, 6.97371087486266, 0.0, -1.0942527909154316], "12": [-0.00565510294407677, 10.159375408815313, 5.619402076821054, 6.973710874862658, 3.106053116940602e-18, 0.3003831190748243], "14": [-0.13008517244621265, 10.142716806136153, 6.5778079304498025, 6.97371087486266, 0.0, 0.8921665938243825], "15": [-0.18468852217176834, 10.228238223244622, 7.056859529091326, 6.973710874862659, 0.0, 1.0831122082024918], "17": [-0.2694366040058024, 10.493839556366424, 8.014443886924601, 6.973710874862659, 0.0, 1.2849696642207733], "20": [-0.25329202017113545, 10.465060507836835, 9.44887477573788, 6.973710874862659, 0.0, 1.3405834531237693], "24": [-0.0056550917710720275, 10.159375406776364, 11.356001560851645, 6.973710874862658, -3.1060733712417573e-18, 0.3647508470540104], "26": [0.11233877649744498, 10.202738672219422, 12.306451795331933, 6.97371087486266, 6.212309585391113e-18, -0.5523998812403296], "28": [0.2036247916674498, 10.494359611825129, 13.254365562309776, 6.97371087486266, 0.0, -1.0942527909154316], "32": [0.1760837305554664, 10.463633711240501, 15.141199879136106, 6.97371087486266, 0.0, -1.0942527909154316], "35": [-0.00565510294407677, 10.159375408815313, 16.54344464540094, 6.973710874862658, 3.106053116940602e-18, 0.3003831190748243], "37": [-0.13008517244621265, 10.142716806136153, 17.47283535486326, 6.97371087486266, 0.0, 0.8921665938243825], "38": [-0.18468852217176812, 10.228238223244622, 17.937087090019215, 6.973710874862659, 0.0, 1.0831122082024918], "40": [-0.2694366040058024, 10.493839556366424, 18.86668352257917, 6.973710874862659, 0.0, 1.2849696642207733], "43": [-0.25329202017113545, 10.465060507836835, 20.269751181234536, 6.973710874862659, 0.0, 1.3405834531237693], "47": [-0.0056550917710720275, 10.159375406776364, 22.171206779374344, 6.973710874862658, -3.1060733712417573e-18, 0.3647508470540104], "49": [0.11233877649744498, 10.202738672219422, 23.127769371696246, 6.97371087486266, 6.212309585391113e-18, -0.5523998812403296], "51": [0.2036247916674498, 10.494359611825129, 24.087730895898698, 6.97371087486266, 0.0, -1.0942527909154316], "55": [0.1760837305554664, 10.463633711240501, 26.03664744694238, 6.97371087486266, 0.0, -1.0942527909154316], "58": [-0.00565510294407677, 10.159375408815313, 27.54220742365924, 6.973710874862658, 3.106053116940602e-18, 0.3003831190748243], "60": [-0.04741493099644491, 10.142716806136153, 28.598711953366422, 6.973710874862658, 1.5586330362879428, 0.8921665938243823], "61": [-0.0008188435950263195, 10.228238223244622, 29.153168462675097, 6.973710874862658, 3.379422352496101, 1.0831122082024915], "63": [0.23044317979790424, 10.493839556366424, 30.305621085661997, 6.973710874862658, 8.678939983868297, 1.284969664220773], "66": [0.9828679983128414, 10.465060507836835, 32.06634809561733, 6.973710874862658, 19.49804413679864, 1.3405834531237693], "70": [2.5936067775808627, 10.159375406776364, 34.22811479984014, 6.973710874862659, 35.7104733073418, 0.3647508470540103], "72": [3.5161166860510966, 10.202738672219422, 35.203846734077274, 6.973710874862659, 43.05250155978263, -0.5523998812403296], "74": [4.485149180481122, 10.494359611825129, 36.111508613933836, 6.973710874862659, 48.97839284688316, -1.0942527909154318], "78": [6.669063477664262, 10.463633711240501, 38.11608543202773, 6.973710874862658, 58.79074957136231, -1.0942527909154327], "81": [8.546718591448506, 10.159375408815313, 39.75545727956713, 6.973710874862659, 65.59707573672421, 0.30038311907482534], "83": [9.890558939239144, 10.142716806136153, 40.74816837735825, 6.973710874862658, 69.66935079363681, 0.8921665938243829], "84": [10.578140498890317, 10.228238223244622, 41.184367717021274, 6.973710874862658, 71.52551154571424, 1.0831122082024907], "86": [11.959334063921967, 10.493839556366424, 41.89043223702004, 6.973710874862659, 74.8105560631444, 1.284969664220773], "89": [14.017671697957228, 10.465060507836835, 42.368722234115346, 6.973710874862658, 78.48329623793538, 1.3405834531237693], "93": [17.15388272073594, 10.159375406776364, 42.35792195237347, 6.973710874862658, 81.22596827545189, 0.36475084705400956], "95": [18.69257359427276, 10.202738672219422, 42.282747816378844, 6.973710874862663, 81.9062350191295, -0.5523998812403301], "97": [20.04296998513926, 10.494359611825129, 42.22032925283724, 6.973710874862658, 82.26027941077669, -1.0942527909154312], "100": [21.432856211994455, 10.496551730790907, 42.27296781672388, 6.973710874862658, 82.40032717698338, -1.182376232135095]}, "ray_ac_rt_footIK": {"1": [-0.6155390442219972, 0.8856670510249043, -3.406924470844557, 0.0, 0.0, 0.0], "2": [-0.6155390442219972, 1.0563034122468105, -3.1890329765947176, 4.477765401784014, 0.0, 0.0], "3": [-0.6155390442219972, 1.3505358405159353, -2.8597203319648004, 12.198885202698076, 0.0, 0.0], "4": [-0.6155390442219972, 1.602893183382495, -2.430597880123582, 18.82113716987702, 0.0, 0.0], "5": [-0.6155390442219972, 1.7357128375227897, -1.446144632237666, 22.30653294207648, 0.0, 0.0], "7": [-0.6155390442219972, 1.4001065912179815, 1.7579053708963426, 11.153266471038235, 0.0, 0.0], "9": [-0.6155390442219972, 0.9750836979690389, 5.693390414603322, 0.0, 0.0, 0.0], "10": [-0.6155390442219972, 0.912160872341685, 6.71045515103698, 0.0, 0.0, 0.0], "11": [-0.6155390442219972, 0.8889787786895019, 7.234728775322839, 0.0, 0.0, 0.0], "12": [-0.6155390442219972, 0.8856670510249043, 7.56161660099848, 0.0, 0.0, 0.0], "17": [-0.6155390442219972, 0.8856670510249043, 7.516756560446319, 0.0, 0.0, 0.0], "20": [-0.6155390442219972, 0.8856670510249043, 7.382019960626792, 0.0, 0.0, 0.0], "24": [-0.6155390442219972, 0.8856670510249043, 7.5936938453828695, 0.0, 0.0, 0.0], "25": [-0.6155390442219972, 1.0563033919538718, 7.8099279044682355, 4.477764869265516, 0.0, 0.0], "26": [-0.6155390442219972, 1.3505358405159353, 8.136588706658266, 12.198885202698076, 0.0, 0.0], "27": [-0.6155390442219972, 1.602893183382495, 8.562064870144159, 18.82113716987702, 0.0, 0.0], "28": [-0.6155390442219972, 1.7357128375227897, 9.54187738739602, 22.30653294207648, 0.0, 0.0], "30": [-0.6155390442219972, 1.4001065912179815, 12.73366260242574, 11.153266471038235, 0.0, 0.0], "32": [-0.6155390442219972, 0.9750836979690389, 16.652905088913528, 0.0, 0.0, 0.0], "33": [-0.6155390442219972, 0.912160872341685, 17.65980490737366, 0.0, 0.0, 0.0], "34": [-0.6155390442219972, 0.8889787786895018, 18.172108070782578, 0.0, 0.0, 0.0], "35": [-0.6155390442219972, 0.8856670510249043, 18.485659169578366, 0.0, 0.0, 0.0], "40": [-0.6155390442219972, 0.8856670510249043, 18.368996196100888, 0.0, 0.0, 0.0], "43": [-0.6155390442219972, 0.8856670510249043, 18.202896366123447, 0.0, 0.0, 0.0], "47": [-0.6155390442219972, 0.8856670510249043, 18.40889906390557, 0.0, 0.0, 0.0], "48": [-0.6155390442219972, 1.056303391953872, 18.627762697504505, 4.477764869265521, 0.0, 0.0], "49": [-0.6155390442219972, 1.3505358405159353, 18.95790628302258, 12.198885202698076, 0.0, 0.0], "50": [-0.6155390442219972, 1.602893183382495, 19.38834907957967, 18.82113716987702, 0.0, 0.0], "51": [-0.6155390442219972, 1.7357128375227897, 20.375242720984943, 22.30653294207648, 0.0, 0.0], "53": [-0.6155390442219972, 1.4001065912179815, 23.590056222924456, 11.153266471038235, 0.0, 0.0], "55": [-0.6155390442219972, 0.9750836979690389, 27.5483526567198, 0.0, 0.0, 0.0], "56": [-0.6155390442219972, 0.912160872341685, 28.5829176507764, 0.0, 0.0, 0.0], "57": [-0.6155390442219972, 0.8889787786895019, 29.129595429523135, 0.0, 0.0, 0.0], "58": [-0.6155390442219972, 0.8856670510249043, 29.484421947836665, 0.0, 0.0, 0.0],